,heading,latitude,longitude,traceid,sampledate,speed
0,5.0,53.43752934,10.30284193,4r3QGXfRQJeN1Egh1S2waA,2024-07-14 03:20:09,82.0
1,4.0,53.43794414,10.3029076,4r3QGXfRQJeN1Egh1S2waA,2024-07-14 03:20:10,84.0
2,288.0,53.44122569,10.30269298,4r3QGXfRQJeN1Egh1S2waA,2024-07-14 03:20:11,52.0
3,311.0,53.44290296,10.30021204,4r3QGXfRQJeN1Egh1S2waA,2024-07-14 03:20:12,60.0
4,336.0,53.44531936,10.29761979,4r3QGXfRQJeN1Egh1S2waA,2024-07-14 03:20:13,64.0
5,154.0,53.445795,10.297232,5yoUjWkTm0xXg9yDr8yg,2024-07-14 05:02:24,31.0
6,153.0,53.445112,10.297753,5yoUjWkTm0xXg9yDr8yg,2024-07-14 05:02:34,30.0
7,148.0,53.444506,10.298328,5yoUjWkTm0xXg9yDr8yg,2024-07-14 05:02:43,31.0
8,169.0,53.443852,10.298947,5yoUjWkTm0xXg9yDr8yg,2024-07-14 05:02:54,23.0
9,129.0,53.443298,10.29942,5yoUjWkTm0xXg9yDr8yg,2024-07-14 05:03:03,31.0
10,130.0,53.442751,10.30051,5yoUjWkTm0xXg9yDr8yg,2024-07-14 05:03:14,30.0
11,158.0,53.442191,10.301223,5yoUjWkTm0xXg9yDr8yg,2024-07-14 05:03:24,30.0
12,145.0,53.441525,10.301693,5yoUjWkTm0xXg9yDr8yg,2024-07-14 05:03:34,28.0
13,110.0,53.441177,10.30286,5yoUjWkTm0xXg9yDr8yg,2024-07-14 05:03:44,31.0
14,175.0,53.440835,10.303518,5yoUjWkTm0xXg9yDr8yg,2024-07-14 05:03:53,19.0
15,191.0,53.440132,10.303206,5yoUjWkTm0xXg9yDr8yg,2024-07-14 05:04:04,34.0
16,184.0,53.439351,10.303073,5yoUjWkTm0xXg9yDr8yg,2024-07-14 05:04:13,40.0
17,185.0,53.438205,10.302916,5yoUjWkTm0xXg9yDr8yg,2024-07-14 05:04:24,42.0
18,152.0,53.445989,10.297103,WqhGzMcTYCap931TssNg,2024-07-14 04:01:59,36.0
19,152.0,53.445162,10.29775,WqhGzMcTYCap931TssNg,2024-07-14 04:02:10,32.0
20,148.0,53.444499,10.298364,WqhGzMcTYCap931TssNg,2024-07-14 04:02:19,33.0
21,168.0,53.443767,10.298945,WqhGzMcTYCap931TssNg,2024-07-14 04:02:30,28.0
22,129.0,53.443192,10.299648,WqhGzMcTYCap931TssNg,2024-07-14 04:02:40,30.0
23,129.0,53.442741,10.300543,WqhGzMcTYCap931TssNg,2024-07-14 04:02:49,29.0
24,151.0,53.442243,10.301177,WqhGzMcTYCap931TssNg,2024-07-14 04:03:00,24.0
25,156.0,53.441674,10.301555,WqhGzMcTYCap931TssNg,2024-07-14 04:03:09,27.0
26,109.0,53.441241,10.302508,WqhGzMcTYCap931TssNg,2024-07-14 04:03:20,31.0
27,142.0,53.440931,10.303421,WqhGzMcTYCap931TssNg,2024-07-14 04:03:30,17.0
28,193.0,53.440497,10.303321,WqhGzMcTYCap931TssNg,2024-07-14 04:03:39,27.0
29,185.0,53.439627,10.303063,WqhGzMcTYCap931TssNg,2024-07-14 04:03:50,34.0
30,185.0,53.438798,10.302944,WqhGzMcTYCap931TssNg,2024-07-14 04:03:59,40.0
31,185.0,53.437684,10.302777,WqhGzMcTYCap931TssNg,2024-07-14 04:04:10,40.0
32,329.0,53.44610154,10.29703571,pMhrQV6T1OQ1RnCo1AOKQ,2024-07-14 00:00:00,44.0
33,325.0,53.44619539,10.29693249,pMhrQV6T1OQ1RnCo1AOKQ,2024-07-14 00:00:01,44.0
34,144.0,53.44616873189807,10.296943159773946,5MfmW0AhRZU2BPvpY0CtA,2024-07-14 05:53:59,48.0
35,148.0,53.446066388860345,10.297053633257748,5MfmW0AhRZU2BPvpY0CtA,2024-07-14 05:54:00,47.0
36,150.0,53.44596433918923,10.297155138105154,5MfmW0AhRZU2BPvpY0CtA,2024-07-14 05:54:01,47.0
37,154.0,53.445860655047,10.297246081754563,5MfmW0AhRZU2BPvpY0CtA,2024-07-14 05:54:02,47.0
38,154.0,53.44575169030577,10.297331912443042,5MfmW0AhRZU2BPvpY0CtA,2024-07-14 05:54:03,46.0
39,155.0,53.44564322847873,10.297416569665074,5MfmW0AhRZU2BPvpY0CtA,2024-07-14 05:54:04,46.0
40,156.0,53.445538454689085,10.297490330412984,5MfmW0AhRZU2BPvpY0CtA,2024-07-14 05:54:05,46.0
41,156.0,53.44543368089944,10.297562833875418,5MfmW0AhRZU2BPvpY0CtA,2024-07-14 05:54:06,46.0
42,156.0,53.44532572198659,10.2976328227669,5MfmW0AhRZU2BPvpY0CtA,2024-07-14 05:54:07,47.0
43,155.0,53.44521432649344,10.297715635970237,5MfmW0AhRZU2BPvpY0CtA,2024-07-14 05:54:08,48.0
44,153.0,53.44510737340897,10.297808926552534,5MfmW0AhRZU2BPvpY0CtA,2024-07-14 05:54:09,47.0
45,153.0,53.44499543309212,10.297909090295434,5MfmW0AhRZU2BPvpY0CtA,2024-07-14 05:54:10,47.0
46,152.0,53.444887809455395,10.29799978248775,5MfmW0AhRZU2BPvpY0CtA,2024-07-14 05:54:11,48.0
47,150.0,53.4447821136564,10.298101957887411,5MfmW0AhRZU2BPvpY0CtA,2024-07-14 05:54:12,48.0
48,149.0,53.444677046500146,10.298206312581897,5MfmW0AhRZU2BPvpY0CtA,2024-07-14 05:54:13,48.0
49,148.0,53.44456845894456,10.298313265666366,5MfmW0AhRZU2BPvpY0CtA,2024-07-14 05:54:14,49.0
50,147.0,53.44446372706443,10.298424661159515,5MfmW0AhRZU2BPvpY0CtA,2024-07-14 05:54:15,49.0
51,147.0,53.44436050392687,10.298534296453,5MfmW0AhRZU2BPvpY0CtA,2024-07-14 05:54:16,48.0
52,146.0,53.44425925053656,10.29864518903196,5MfmW0AhRZU2BPvpY0CtA,2024-07-14 05:54:17,46.0
53,147.0,53.44416109845042,10.298752393573524,5MfmW0AhRZU2BPvpY0CtA,2024-07-14 05:54:18,44.0
54,147.0,53.444071747362614,10.298847863450646,5MfmW0AhRZU2BPvpY0CtA,2024-07-14 05:54:19,42.0
55,155.0,53.44397820532322,10.298922881484032,5MfmW0AhRZU2BPvpY0CtA,2024-07-14 05:54:20,42.0
56,165.0,53.44387527555227,10.298978621140122,5MfmW0AhRZU2BPvpY0CtA,2024-07-14 05:54:21,44.0
57,171.0,53.443761826492846,10.299017764627934,5MfmW0AhRZU2BPvpY0CtA,2024-07-14 05:54:22,46.0
58,166.0,53.44364712014794,10.299060009419918,5MfmW0AhRZU2BPvpY0CtA,2024-07-14 05:54:23,45.0
59,155.0,53.44354662112892,10.299122035503387,5MfmW0AhRZU2BPvpY0CtA,2024-07-14 05:54:24,43.0
60,147.0,53.443456096574664,10.299199484288692,5MfmW0AhRZU2BPvpY0CtA,2024-07-14 05:54:25,42.0
61,143.0,53.44336661975831,10.299305934458973,5MfmW0AhRZU2BPvpY0CtA,2024-07-14 05:54:26,44.0
62,131.0,53.44328623730689,10.299434009939432,5MfmW0AhRZU2BPvpY0CtA,2024-07-14 05:54:27,45.0
63,126.0,53.44321591313928,10.299586560577154,5MfmW0AhRZU2BPvpY0CtA,2024-07-14 05:54:28,46.0
64,127.0,53.443144583143294,10.2997378539294,5MfmW0AhRZU2BPvpY0CtA,2024-07-14 05:54:29,46.0
65,128.0,53.44307593535632,10.2998932544142,5MfmW0AhRZU2BPvpY0CtA,2024-07-14 05:54:30,47.0
66,129.0,53.44300309661776,10.300040189176798,5MfmW0AhRZU2BPvpY0CtA,2024-07-14 05:54:31,47.0
67,131.0,53.44293205998838,10.300180669873953,5MfmW0AhRZU2BPvpY0CtA,2024-07-14 05:54:32,45.0
68,131.0,53.44285913743079,10.300309751182796,5MfmW0AhRZU2BPvpY0CtA,2024-07-14 05:54:33,45.0
69,130.0,53.44278613105416,10.300449058413506,5MfmW0AhRZU2BPvpY0CtA,2024-07-14 05:54:34,44.0
70,130.0,53.442717608995736,10.30058853328228,5MfmW0AhRZU2BPvpY0CtA,2024-07-14 05:54:35,42.0
71,131.0,53.44265005085617,10.30072633177042,5MfmW0AhRZU2BPvpY0CtA,2024-07-14 05:54:36,39.0
72,136.0,53.44258286990225,10.300839403644204,5MfmW0AhRZU2BPvpY0CtA,2024-07-14 05:54:37,38.0
73,142.0,53.44251279719174,10.300939902663233,5MfmW0AhRZU2BPvpY0CtA,2024-07-14 05:54:38,35.0
74,150.0,53.442441215738654,10.3010243922472,5MfmW0AhRZU2BPvpY0CtA,2024-07-14 05:54:39,34.0
75,154.0,53.4423636412248,10.301092034205794,5MfmW0AhRZU2BPvpY0CtA,2024-07-14 05:54:40,34.0
76,154.0,53.44227806199342,10.301160598173738,5MfmW0AhRZU2BPvpY0CtA,2024-07-14 05:54:41,38.0
77,154.0,53.44219047110528,10.301232766360044,5MfmW0AhRZU2BPvpY0CtA,2024-07-14 05:54:42,40.0
78,155.0,53.44209910836071,10.301306024193764,5MfmW0AhRZU2BPvpY0CtA,2024-07-14 05:54:43,41.0
79,159.0,53.44200041145086,10.301381293684244,5MfmW0AhRZU2BPvpY0CtA,2024-07-14 05:54:44,42.0
80,159.0,53.44190096016973,10.301444912329316,5MfmW0AhRZU2BPvpY0CtA,2024-07-14 05:54:45,41.0
81,159.0,53.44180662184954,10.301506435498595,5MfmW0AhRZU2BPvpY0CtA,2024-07-14 05:54:46,40.0
82,159.0,53.441719030961394,10.30156192369759,5MfmW0AhRZU2BPvpY0CtA,2024-07-14 05:54:47,35.0
83,155.0,53.441635547205806,10.301618836820126,5MfmW0AhRZU2BPvpY0CtA,2024-07-14 05:54:49,36.0
84,150.0,53.44154933933169,10.301696453243494,5MfmW0AhRZU2BPvpY0CtA,2024-07-14 05:54:50,40.0
85,135.0,53.44146677758545,10.301813296973704,5MfmW0AhRZU2BPvpY0CtA,2024-07-14 05:54:51,41.0
86,124.0,53.44139817170799,10.301961489021778,5MfmW0AhRZU2BPvpY0CtA,2024-07-14 05:54:52,44.0
87,114.0,53.44134352169931,10.302129043266175,5MfmW0AhRZU2BPvpY0CtA,2024-07-14 05:54:53,45.0
88,107.0,53.44130031298846,10.302301291376352,5MfmW0AhRZU2BPvpY0CtA,2024-07-14 05:54:54,45.0
89,107.0,53.44126305542886,10.30248150229454,5MfmW0AhRZU2BPvpY0CtA,2024-07-14 05:54:55,46.0
90,109.0,53.44122319947928,10.302662383764982,5MfmW0AhRZU2BPvpY0CtA,2024-07-14 05:54:56,44.0
91,111.0,53.44118874985725,10.302829518914224,5MfmW0AhRZU2BPvpY0CtA,2024-07-14 05:54:57,40.0
92,112.0,53.44115379732102,10.302985673770308,5MfmW0AhRZU2BPvpY0CtA,2024-07-14 05:54:58,38.0
93,119.0,53.44111377373338,10.303123136982322,5MfmW0AhRZU2BPvpY0CtA,2024-07-14 05:54:59,34.0
94,125.0,53.441073121502995,10.303232856094835,5MfmW0AhRZU2BPvpY0CtA,2024-07-14 05:55:00,31.0
95,129.0,53.44102999661118,10.303332516923549,5MfmW0AhRZU2BPvpY0CtA,2024-07-14 05:55:01,29.0
96,138.0,53.44097978901118,10.30342262238264,5MfmW0AhRZU2BPvpY0CtA,2024-07-14 05:55:02,27.0
97,156.0,53.4409217024222,10.303482385352254,5MfmW0AhRZU2BPvpY0CtA,2024-07-14 05:55:03,27.0
98,175.0,53.440842158161104,10.303505519405007,5MfmW0AhRZU2BPvpY0CtA,2024-07-14 05:55:04,32.0
99,191.0,53.44075364526361,10.303491773083806,5MfmW0AhRZU2BPvpY0CtA,2024-07-14 05:55:05,38.0
100,200.0,53.44064866192639,10.303434859961271,5MfmW0AhRZU2BPvpY0CtA,2024-07-14 05:55:06,44.0
101,197.0,53.440536386333406,10.303365709260106,5MfmW0AhRZU2BPvpY0CtA,2024-07-14 05:55:07,48.0
102,194.0,53.44042025506496,10.303308125585318,5MfmW0AhRZU2BPvpY0CtA,2024-07-14 05:55:08,48.0
103,192.0,53.44029901083559,10.303262444213033,5MfmW0AhRZU2BPvpY0CtA,2024-07-14 05:55:09,52.0
104,190.0,53.44017215073109,10.303224055096509,5MfmW0AhRZU2BPvpY0CtA,2024-07-14 05:55:10,53.0
105,188.0,53.440043362788856,10.303189354017375,5MfmW0AhRZU2BPvpY0CtA,2024-07-14 05:55:11,55.0
106,187.0,53.43990594148636,10.30316068790853,5MfmW0AhRZU2BPvpY0CtA,2024-07-14 05:55:12,56.0
107,185.0,53.43976592179388,10.303141409531236,5MfmW0AhRZU2BPvpY0CtA,2024-07-14 05:55:13,56.0
108,185.0,53.43962393235415,10.303117521107197,5MfmW0AhRZU2BPvpY0CtA,2024-07-14 05:55:14,57.0
109,185.0,53.43947980552912,10.303098242729902,5MfmW0AhRZU2BPvpY0CtA,2024-07-14 05:55:15,58.0
110,185.0,53.43933257739991,10.303076533600688,5MfmW0AhRZU2BPvpY0CtA,2024-07-14 05:55:16,60.0
111,184.0,53.439181870780885,10.30305901542306,5MfmW0AhRZU2BPvpY0CtA,2024-07-14 05:55:17,60.0
112,184.0,53.43903120607138,10.303038228303194,5MfmW0AhRZU2BPvpY0CtA,2024-07-14 05:55:18,61.0
113,185.0,53.4388814214617,10.30301216058433,5MfmW0AhRZU2BPvpY0CtA,2024-07-14 05:55:19,61.0
114,185.0,53.438730547204614,10.30299011617899,5MfmW0AhRZU2BPvpY0CtA,2024-07-14 05:55:20,61.0
115,184.0,53.43858042731881,10.302966814488173,5MfmW0AhRZU2BPvpY0CtA,2024-07-14 05:55:21,61.0
116,184.0,53.43842875678092,10.302948206663132,5MfmW0AhRZU2BPvpY0CtA,2024-07-14 05:55:22,61.0
117,184.0,53.43827712815255,10.302930939942598,5MfmW0AhRZU2BPvpY0CtA,2024-07-14 05:55:23,61.0
118,185.0,53.43812327831984,10.30291434377432,5MfmW0AhRZU2BPvpY0CtA,2024-07-14 05:55:24,61.0
119,185.0,53.43796926084906,10.302893305197358,5MfmW0AhRZU2BPvpY0CtA,2024-07-14 05:55:25,62.0
120,185.0,53.43781826086342,10.302869500592353,5MfmW0AhRZU2BPvpY0CtA,2024-07-14 05:55:26,62.0
121,184.0,53.43766474630684,10.302845695987344,5MfmW0AhRZU2BPvpY0CtA,2024-07-14 05:55:27,62.0
122,184.0,53.4375113574788,10.30282004736364,5MfmW0AhRZU2BPvpY0CtA,2024-07-14 05:55:28,61.0
123,0.0,53.441792833668586,10.305328499535385,oNJYVn4GTEuGLdqICyRgZQ,2024-07-14 05:23:06,2.0
124,214.0,53.441696316053566,10.305457664663257,oNJYVn4GTEuGLdqICyRgZQ,2024-07-14 05:23:10,2.0
125,260.0,53.44166664411634,10.305444840351404,oNJYVn4GTEuGLdqICyRgZQ,2024-07-14 05:23:11,4.0
126,249.0,53.44166953587293,10.305429166192472,oNJYVn4GTEuGLdqICyRgZQ,2024-07-14 05:23:12,4.0
127,271.0,53.44164313287794,10.305377114573778,oNJYVn4GTEuGLdqICyRgZQ,2024-07-14 05:23:13,7.0
128,260.0,53.44168152199447,10.30528726057178,oNJYVn4GTEuGLdqICyRgZQ,2024-07-14 05:23:14,9.0
129,268.0,53.44173026276141,10.305223641926707,oNJYVn4GTEuGLdqICyRgZQ,2024-07-14 05:23:15,9.0
130,252.0,53.44166400381684,10.305242668846908,oNJYVn4GTEuGLdqICyRgZQ,2024-07-14 05:23:16,10.0
131,258.0,53.441658597489294,10.30520176515943,oNJYVn4GTEuGLdqICyRgZQ,2024-07-14 05:23:17,10.0
132,258.0,53.44165321128984,10.305159152776342,oNJYVn4GTEuGLdqICyRgZQ,2024-07-14 05:23:18,10.0
133,243.0,53.441638641188966,10.305131039661228,oNJYVn4GTEuGLdqICyRgZQ,2024-07-14 05:23:19,10.0
134,254.0,53.44163285415603,10.30508706847549,oNJYVn4GTEuGLdqICyRgZQ,2024-07-14 05:23:20,11.0
135,252.0,53.441624948568766,10.305044974185211,oNJYVn4GTEuGLdqICyRgZQ,2024-07-14 05:23:21,11.0
136,262.0,53.44162617177758,10.304993911574115,oNJYVn4GTEuGLdqICyRgZQ,2024-07-14 05:23:22,11.0
137,250.0,53.44161860094973,10.304969560483311,oNJYVn4GTEuGLdqICyRgZQ,2024-07-14 05:23:23,10.0
138,256.0,53.44162355329116,10.304980683796613,oNJYVn4GTEuGLdqICyRgZQ,2024-07-14 05:23:24,4.0
139,99.0,53.44161689866354,10.305068222254334,oNJYVn4GTEuGLdqICyRgZQ,2024-07-14 05:23:29,7.0
140,114.0,53.44160102001283,10.305113230147173,oNJYVn4GTEuGLdqICyRgZQ,2024-07-14 05:23:30,10.0
141,126.0,53.44158347349564,10.30513720584458,oNJYVn4GTEuGLdqICyRgZQ,2024-07-14 05:23:31,9.0
142,143.0,53.441551692653746,10.30515878986894,oNJYVn4GTEuGLdqICyRgZQ,2024-07-14 05:23:32,10.0
143,155.0,53.441513999772006,10.305173321771624,oNJYVn4GTEuGLdqICyRgZQ,2024-07-14 05:23:33,11.0
144,210.0,53.44143146413553,10.30503322225505,oNJYVn4GTEuGLdqICyRgZQ,2024-07-14 05:23:34,21.0
145,221.0,53.44144013447966,10.30498112664568,oNJYVn4GTEuGLdqICyRgZQ,2024-07-14 05:23:35,15.0
146,243.0,53.441423325816,10.304877406764824,oNJYVn4GTEuGLdqICyRgZQ,2024-07-14 05:23:36,18.0
147,248.0,53.44140330008668,10.30477278382128,oNJYVn4GTEuGLdqICyRgZQ,2024-07-14 05:23:37,18.0
148,249.0,53.441353487294094,10.304705541220178,oNJYVn4GTEuGLdqICyRgZQ,2024-07-14 05:23:38,24.0
149,244.0,53.44132246385668,10.304613136962796,oNJYVn4GTEuGLdqICyRgZQ,2024-07-14 05:23:39,24.0
150,242.0,53.441292105567214,10.304502916065458,oNJYVn4GTEuGLdqICyRgZQ,2024-07-14 05:23:40,27.0
151,242.0,53.44125510545304,10.30437989600685,oNJYVn4GTEuGLdqICyRgZQ,2024-07-14 05:23:41,30.0
152,241.0,53.441220239877936,10.304225440690695,oNJYVn4GTEuGLdqICyRgZQ,2024-07-14 05:23:42,33.0
153,238.0,53.44117906338564,10.304099474816264,oNJYVn4GTEuGLdqICyRgZQ,2024-07-14 05:23:43,33.0
154,235.0,53.44113307080591,10.303984648973143,oNJYVn4GTEuGLdqICyRgZQ,2024-07-14 05:23:44,33.0
155,233.0,53.44109146190119,10.30387507986348,oNJYVn4GTEuGLdqICyRgZQ,2024-07-14 05:23:45,31.0
156,239.0,53.44104838362616,10.303792421054006,oNJYVn4GTEuGLdqICyRgZQ,2024-07-14 05:23:46,28.0
157,243.0,53.44102267556188,10.303704332555624,oNJYVn4GTEuGLdqICyRgZQ,2024-07-14 05:23:47,26.0
158,253.0,53.441017786469,10.30361889090755,oNJYVn4GTEuGLdqICyRgZQ,2024-07-14 05:23:48,22.0
159,250.0,53.44100733708331,10.303544964915442,oNJYVn4GTEuGLdqICyRgZQ,2024-07-14 05:23:49,19.0
160,223.0,53.44096404994549,10.303494472628447,oNJYVn4GTEuGLdqICyRgZQ,2024-07-14 05:23:50,19.0
161,209.0,53.44091965123841,10.303454179671052,oNJYVn4GTEuGLdqICyRgZQ,2024-07-14 05:23:51,19.0
162,188.0,53.44085220309996,10.303459513462002,oNJYVn4GTEuGLdqICyRgZQ,2024-07-14 05:23:52,22.0
163,184.0,53.44082330304159,10.30347302366423,oNJYVn4GTEuGLdqICyRgZQ,2024-07-14 05:23:53,17.0
164,192.0,53.44071833884022,10.30343768797972,oNJYVn4GTEuGLdqICyRgZQ,2024-07-14 05:23:54,28.0
165,194.0,53.44062203104043,10.30338514143152,oNJYVn4GTEuGLdqICyRgZQ,2024-07-14 05:23:55,34.0
166,196.0,53.44052141213674,10.303338455859071,oNJYVn4GTEuGLdqICyRgZQ,2024-07-14 05:23:56,38.0
167,193.0,53.44041354513585,10.303296665006462,oNJYVn4GTEuGLdqICyRgZQ,2024-07-14 05:23:57,41.0
168,193.0,53.440309797544245,10.303259253577608,oNJYVn4GTEuGLdqICyRgZQ,2024-07-14 05:23:58,41.0
169,191.0,53.440203964308175,10.303216612751935,oNJYVn4GTEuGLdqICyRgZQ,2024-07-14 05:23:59,42.0
170,189.0,53.440085234889,10.303192259712544,oNJYVn4GTEuGLdqICyRgZQ,2024-07-14 05:24:00,45.0
171,188.0,53.43996122470186,10.30315021023064,oNJYVn4GTEuGLdqICyRgZQ,2024-07-14 05:24:01,47.0
172,187.0,53.439826464110325,10.303126997590358,oNJYVn4GTEuGLdqICyRgZQ,2024-07-14 05:24:02,50.0
173,185.0,53.439708182598906,10.303107829160629,oNJYVn4GTEuGLdqICyRgZQ,2024-07-14 05:24:03,48.0
174,184.0,53.43956516425187,10.30309771975179,oNJYVn4GTEuGLdqICyRgZQ,2024-07-14 05:24:04,52.0
175,184.0,53.43942716916384,10.303055990129344,oNJYVn4GTEuGLdqICyRgZQ,2024-07-14 05:24:05,53.0
176,184.0,53.43927207447296,10.30304097913251,oNJYVn4GTEuGLdqICyRgZQ,2024-07-14 05:24:06,57.0
177,185.0,53.43911916337502,10.303019830619627,oNJYVn4GTEuGLdqICyRgZQ,2024-07-14 05:24:07,58.0
178,185.0,53.43897629442102,10.302999943690915,oNJYVn4GTEuGLdqICyRgZQ,2024-07-14 05:24:08,58.0
179,184.0,53.43883277990119,10.302983310287306,oNJYVn4GTEuGLdqICyRgZQ,2024-07-14 05:24:09,58.0
180,184.0,53.43868715155261,10.302962554288454,oNJYVn4GTEuGLdqICyRgZQ,2024-07-14 05:24:10,58.0
181,184.0,53.43853627551354,10.302945058996462,oNJYVn4GTEuGLdqICyRgZQ,2024-07-14 05:24:11,60.0
182,184.0,53.43838135318114,10.30291663729326,oNJYVn4GTEuGLdqICyRgZQ,2024-07-14 05:24:12,61.0
183,184.0,53.43821814019184,10.302894087625788,oNJYVn4GTEuGLdqICyRgZQ,2024-07-14 05:24:13,63.0
184,185.0,53.43805567304129,10.302870302861717,oNJYVn4GTEuGLdqICyRgZQ,2024-07-14 05:24:14,64.0
185,185.0,53.43788720550084,10.302849565312968,oNJYVn4GTEuGLdqICyRgZQ,2024-07-14 05:24:15,66.0
186,184.0,53.437720979127,10.302828317983092,oNJYVn4GTEuGLdqICyRgZQ,2024-07-14 05:24:16,66.0
187,184.0,53.43755862777873,10.30280437703389,oNJYVn4GTEuGLdqICyRgZQ,2024-07-14 05:24:17,65.0
188,144.0,53.44619123709767,10.296888201320671,buMVW22SPSYXH2tCDYjmg,2024-07-14 02:58:07,68.0
189,149.0,53.44604135594848,10.297050954081511,buMVW22SPSYXH2tCDYjmg,2024-07-14 02:58:08,70.0
190,154.0,53.44588087058804,10.297188276243494,buMVW22SPSYXH2tCDYjmg,2024-07-14 02:58:09,71.0
191,159.0,53.44571511850407,10.297322544913447,buMVW22SPSYXH2tCDYjmg,2024-07-14 02:58:10,73.0
192,159.0,53.44555186119776,10.297458640663075,buMVW22SPSYXH2tCDYjmg,2024-07-14 02:58:11,72.0
193,157.0,53.4453802173007,10.29754034848905,buMVW22SPSYXH2tCDYjmg,2024-07-14 02:58:12,71.0
194,153.0,53.445220479165485,10.29766202185591,buMVW22SPSYXH2tCDYjmg,2024-07-14 02:58:13,70.0
195,152.0,53.445064845846765,10.297789478004834,buMVW22SPSYXH2tCDYjmg,2024-07-14 02:58:14,69.0
196,150.0,53.44490878313575,10.297928322408955,buMVW22SPSYXH2tCDYjmg,2024-07-14 02:58:15,70.0
197,148.0,53.44476621355741,10.29810116880622,buMVW22SPSYXH2tCDYjmg,2024-07-14 02:58:16,70.0
198,148.0,53.44461680224597,10.298246351863805,buMVW22SPSYXH2tCDYjmg,2024-07-14 02:58:17,69.0
199,147.0,53.44447435112746,10.298401277676758,buMVW22SPSYXH2tCDYjmg,2024-07-14 02:58:18,69.0
200,149.0,53.444328048689016,10.298554639622468,buMVW22SPSYXH2tCDYjmg,2024-07-14 02:58:19,68.0
201,147.0,53.44418782808028,10.298695167364558,buMVW22SPSYXH2tCDYjmg,2024-07-14 02:58:20,65.0
202,154.0,53.44405671090762,10.298813158543204,buMVW22SPSYXH2tCDYjmg,2024-07-14 02:58:21,59.0
203,161.0,53.443923730850095,10.298872801784375,buMVW22SPSYXH2tCDYjmg,2024-07-14 02:58:22,55.0
204,163.0,53.44379688479938,10.298964326590456,buMVW22SPSYXH2tCDYjmg,2024-07-14 02:58:23,54.0
205,159.0,53.44366134138448,10.29901519388899,buMVW22SPSYXH2tCDYjmg,2024-07-14 02:58:24,55.0
206,157.0,53.44352814211232,10.299095731450311,buMVW22SPSYXH2tCDYjmg,2024-07-14 02:58:25,56.0
207,146.0,53.44341095605019,10.299229603911703,buMVW22SPSYXH2tCDYjmg,2024-07-14 02:58:26,56.0
208,134.0,53.44330382425771,10.299396645735063,buMVW22SPSYXH2tCDYjmg,2024-07-14 02:58:27,57.0
209,129.0,53.44321585874992,10.299590674892118,buMVW22SPSYXH2tCDYjmg,2024-07-14 02:58:28,57.0
210,130.0,53.443123967825144,10.299780430391417,buMVW22SPSYXH2tCDYjmg,2024-07-14 02:58:29,58.0
211,130.0,53.44301608739824,10.299952118419196,buMVW22SPSYXH2tCDYjmg,2024-07-14 02:58:30,59.0
212,130.0,53.44291713052159,10.300143461905618,buMVW22SPSYXH2tCDYjmg,2024-07-14 02:58:31,61.0
213,130.0,53.44281606680828,10.300338290966446,buMVW22SPSYXH2tCDYjmg,2024-07-14 02:58:32,62.0
214,130.0,53.44271124108771,10.300544489474852,buMVW22SPSYXH2tCDYjmg,2024-07-14 02:58:33,64.0
215,129.0,53.44261026629871,10.300743643876418,buMVW22SPSYXH2tCDYjmg,2024-07-14 02:58:34,62.0
216,134.0,53.44251792649296,10.300925977648358,buMVW22SPSYXH2tCDYjmg,2024-07-14 02:58:35,58.0
217,155.0,53.44239823267197,10.301056821196775,buMVW22SPSYXH2tCDYjmg,2024-07-14 02:58:36,56.0
218,156.0,53.44226437255868,10.301166469727512,buMVW22SPSYXH2tCDYjmg,2024-07-14 02:58:37,58.0
219,157.0,53.44211537200554,10.301239783725968,buMVW22SPSYXH2tCDYjmg,2024-07-14 02:58:38,61.0
220,157.0,53.441970746874816,10.301338262532544,buMVW22SPSYXH2tCDYjmg,2024-07-14 02:58:39,63.0
221,156.0,53.44183509119105,10.301453519853508,buMVW22SPSYXH2tCDYjmg,2024-07-14 02:58:40,61.0
222,155.0,53.441702104332414,10.301558162025447,buMVW22SPSYXH2tCDYjmg,2024-07-14 02:58:41,59.0
223,147.0,53.44157731709925,10.30167282810892,buMVW22SPSYXH2tCDYjmg,2024-07-14 02:58:42,57.0
224,136.0,53.44146300073801,10.30181136218158,buMVW22SPSYXH2tCDYjmg,2024-07-14 02:58:43,55.0
225,119.0,53.44138646417574,10.301996841635642,buMVW22SPSYXH2tCDYjmg,2024-07-14 02:58:44,55.0
226,110.0,53.44132673140261,10.302221237020651,buMVW22SPSYXH2tCDYjmg,2024-07-14 02:58:45,58.0
227,109.0,53.441278123386034,10.302465541829449,buMVW22SPSYXH2tCDYjmg,2024-07-14 02:58:46,61.0
228,111.0,53.441220829446266,10.302706046299802,buMVW22SPSYXH2tCDYjmg,2024-07-14 02:58:47,61.0
229,110.0,53.44116880944532,10.302928428754628,buMVW22SPSYXH2tCDYjmg,2024-07-14 02:58:48,58.0
230,118.0,53.44112412989327,10.303128937285612,buMVW22SPSYXH2tCDYjmg,2024-07-14 02:58:49,51.0
231,120.0,53.44105973358795,10.303282618162427,buMVW22SPSYXH2tCDYjmg,2024-07-14 02:58:50,45.0
232,127.0,53.44100450553084,10.303395954437509,buMVW22SPSYXH2tCDYjmg,2024-07-14 02:58:51,38.0
233,110.0,53.44101444784442,10.303583570829362,buMVW22SPSYXH2tCDYjmg,2024-07-14 02:58:52,35.0
234,89.0,53.44102320606518,10.303729027090542,buMVW22SPSYXH2tCDYjmg,2024-07-14 02:58:53,34.0
235,74.0,53.4410435122926,10.30386234821213,buMVW22SPSYXH2tCDYjmg,2024-07-14 02:58:54,32.0
236,57.0,53.441087037841505,10.303964693096136,buMVW22SPSYXH2tCDYjmg,2024-07-14 02:58:55,30.0
237,55.0,53.44110134851384,10.30411100353374,buMVW22SPSYXH2tCDYjmg,2024-07-14 02:58:56,33.0
238,61.0,53.44115719195882,10.30426404015044,buMVW22SPSYXH2tCDYjmg,2024-07-14 02:58:57,42.0
239,62.0,53.44122786311261,10.304441152318416,buMVW22SPSYXH2tCDYjmg,2024-07-14 02:58:58,50.0
240,63.0,53.441273456194615,10.304671536216638,buMVW22SPSYXH2tCDYjmg,2024-07-14 02:58:59,58.0
241,66.0,53.44133999685098,10.304920556047229,buMVW22SPSYXH2tCDYjmg,2024-07-14 02:59:00,64.0
242,68.0,53.44141325543666,10.305191825841623,buMVW22SPSYXH2tCDYjmg,2024-07-14 02:59:01,69.0
243,70.0,53.4414816533064,10.305485693762645,buMVW22SPSYXH2tCDYjmg,2024-07-14 02:59:02,74.0
244,72.0,53.44154525958055,10.305794416713596,buMVW22SPSYXH2tCDYjmg,2024-07-14 02:59:03,77.0
245,75.0,53.44159432111885,10.306102388758992,buMVW22SPSYXH2tCDYjmg,2024-07-14 02:59:04,76.0
246,78.0,53.44163163092214,10.306413910011882,buMVW22SPSYXH2tCDYjmg,2024-07-14 02:59:05,75.0
247,81.0,53.44166225276593,10.306721602452535,buMVW22SPSYXH2tCDYjmg,2024-07-14 02:59:06,75.0
248,83.0,53.441687120020354,10.307042949526236,buMVW22SPSYXH2tCDYjmg,2024-07-14 02:59:07,77.0
249,85.0,53.44173410050806,10.308022603164712,buMVW22SPSYXH2tCDYjmg,2024-07-14 02:59:10,75.0
250,84.0,53.44174836426951,10.308313848047645,buMVW22SPSYXH2tCDYjmg,2024-07-14 02:59:11,69.0
251,78.0,53.44178533545071,10.308596100042877,buMVW22SPSYXH2tCDYjmg,2024-07-14 02:59:12,68.0
252,68.0,53.44185559219411,10.308856466790292,buMVW22SPSYXH2tCDYjmg,2024-07-14 02:59:13,66.0
253,59.0,53.441946379283046,10.309093007007494,buMVW22SPSYXH2tCDYjmg,2024-07-14 02:59:14,65.0
254,49.0,53.44205706314546,10.309300792693634,buMVW22SPSYXH2tCDYjmg,2024-07-14 02:59:15,65.0
255,43.0,53.442179692081446,10.309489918686523,buMVW22SPSYXH2tCDYjmg,2024-07-14 02:59:16,67.0
256,36.0,53.44231273296448,10.30964887391841,buMVW22SPSYXH2tCDYjmg,2024-07-14 02:59:17,65.0
257,30.0,53.44245192750193,10.309782519478189,buMVW22SPSYXH2tCDYjmg,2024-07-14 02:59:18,64.0
258,24.0,53.44259615841059,10.309890927485483,buMVW22SPSYXH2tCDYjmg,2024-07-14 02:59:19,63.0
259,19.0,53.44274519542536,10.309978700257794,buMVW22SPSYXH2tCDYjmg,2024-07-14 02:59:20,63.0
260,11.0,53.44289178251356,10.3100512880807,buMVW22SPSYXH2tCDYjmg,2024-07-14 02:59:21,61.0
261,6.0,53.44302940975931,10.310093976370762,buMVW22SPSYXH2tCDYjmg,2024-07-14 02:59:22,56.0
262,4.0,53.44315775399048,10.31011024363229,buMVW22SPSYXH2tCDYjmg,2024-07-14 02:59:23,53.0
263,353.0,53.443289246018395,10.310098577297031,buMVW22SPSYXH2tCDYjmg,2024-07-14 02:59:24,52.0
264,0.0,53.443413260907214,10.310083863081982,buMVW22SPSYXH2tCDYjmg,2024-07-14 02:59:25,49.0
265,5.0,53.443523468427145,10.310098406686572,buMVW22SPSYXH2tCDYjmg,2024-07-14 02:59:26,44.0
266,6.0,53.4436172155408,10.310124531559923,buMVW22SPSYXH2tCDYjmg,2024-07-14 02:59:27,38.0
267,7.0,53.44369705439271,10.310140589495823,buMVW22SPSYXH2tCDYjmg,2024-07-14 02:59:28,32.0
268,7.0,53.443749298961166,10.31015133139231,buMVW22SPSYXH2tCDYjmg,2024-07-14 02:59:29,24.0
269,300.0,53.443792744072965,10.310030215897912,buMVW22SPSYXH2tCDYjmg,2024-07-14 02:59:30,23.0
270,301.0,53.44382815890913,10.309931368348767,buMVW22SPSYXH2tCDYjmg,2024-07-14 02:59:31,26.0
271,301.0,53.44387258408946,10.309817807916946,buMVW22SPSYXH2tCDYjmg,2024-07-14 02:59:33,31.0
272,301.0,53.44398269290749,10.309533257671704,buMVW22SPSYXH2tCDYjmg,2024-07-14 02:59:34,41.0
273,301.0,53.44403819455152,10.309370766970158,buMVW22SPSYXH2tCDYjmg,2024-07-14 02:59:35,44.0
274,302.0,53.44409798256776,10.30920718882113,buMVW22SPSYXH2tCDYjmg,2024-07-14 02:59:36,46.0
275,300.0,53.44416392781469,10.309037409685711,buMVW22SPSYXH2tCDYjmg,2024-07-14 02:59:37,47.0
276,301.0,53.44422668145535,10.308868330993947,buMVW22SPSYXH2tCDYjmg,2024-07-14 02:59:38,47.0
277,303.0,53.4442900372741,10.308707053116656,buMVW22SPSYXH2tCDYjmg,2024-07-14 02:59:39,46.0
278,306.0,53.444350114271245,10.308547683159826,buMVW22SPSYXH2tCDYjmg,2024-07-14 02:59:40,45.0
279,309.0,53.44441739467767,10.308396728497724,buMVW22SPSYXH2tCDYjmg,2024-07-14 02:59:41,44.0
280,313.0,53.44448977326768,10.308261359692656,buMVW22SPSYXH2tCDYjmg,2024-07-14 02:59:42,43.0
281,313.0,53.44456125917343,10.308130496612142,buMVW22SPSYXH2tCDYjmg,2024-07-14 02:59:43,44.0
282,314.0,53.44463716878466,10.30799829295226,buMVW22SPSYXH2tCDYjmg,2024-07-14 02:59:44,43.0
283,315.0,53.44472281399828,10.30788823519986,buMVW22SPSYXH2tCDYjmg,2024-07-14 02:59:45,40.0
284,315.0,53.44477298122999,10.307796473227606,buMVW22SPSYXH2tCDYjmg,2024-07-14 02:59:46,31.0
285,315.0,53.44479754183468,10.307741550560046,buMVW22SPSYXH2tCDYjmg,2024-07-14 02:59:47,19.0
286,315.0,53.44481261879986,10.307716674831008,buMVW22SPSYXH2tCDYjmg,2024-07-14 02:59:48,9.0
287,315.0,53.44482127539514,10.307731163728777,buMVW22SPSYXH2tCDYjmg,2024-07-14 03:00:53,1.0
288,315.0,53.44484441521299,10.307693197845492,buMVW22SPSYXH2tCDYjmg,2024-07-14 03:00:54,10.0
289,315.0,53.444883035373635,10.30762866280155,buMVW22SPSYXH2tCDYjmg,2024-07-14 03:00:55,19.0
290,315.0,53.44492459485238,10.307559362690377,buMVW22SPSYXH2tCDYjmg,2024-07-14 03:00:56,22.0
291,315.0,53.4449776060794,10.307471887116831,buMVW22SPSYXH2tCDYjmg,2024-07-14 03:00:57,29.0
292,315.0,53.44503770586212,10.30737425649123,buMVW22SPSYXH2tCDYjmg,2024-07-14 03:00:58,32.0
293,317.0,53.44510233343893,10.307270751262871,buMVW22SPSYXH2tCDYjmg,2024-07-14 03:00:59,35.0
294,317.0,53.445177281384595,10.307153764342466,buMVW22SPSYXH2tCDYjmg,2024-07-14 03:01:00,39.0
295,317.0,53.44526112733809,10.307022888600889,buMVW22SPSYXH2tCDYjmg,2024-07-14 03:01:01,44.0
296,318.0,53.44535143576268,10.30688291049625,buMVW22SPSYXH2tCDYjmg,2024-07-14 03:01:02,48.0
297,320.0,53.445450644913535,10.306739066332645,buMVW22SPSYXH2tCDYjmg,2024-07-14 03:01:03,52.0
298,330.0,53.44555440935002,10.306589839234674,buMVW22SPSYXH2tCDYjmg,2024-07-14 03:01:04,54.0
299,335.0,53.44568262893285,10.306485190328685,buMVW22SPSYXH2tCDYjmg,2024-07-14 03:01:05,56.0
300,336.0,53.44581995594756,10.306392138111026,buMVW22SPSYXH2tCDYjmg,2024-07-14 03:01:06,58.0
301,337.0,53.44595478461848,10.30629842904792,buMVW22SPSYXH2tCDYjmg,2024-07-14 03:01:07,58.0
302,337.0,53.44609330909583,10.30622566782305,buMVW22SPSYXH2tCDYjmg,2024-07-14 03:01:08,58.0
303,336.0,53.44622549559658,10.306108829266254,buMVW22SPSYXH2tCDYjmg,2024-07-14 03:01:09,58.0
304,170.0,53.4462395470717,10.302013315999949,buMVW22SPSYXH2tCDYjmg,2024-07-14 03:03:44,12.0
305,170.0,53.44620564728247,10.302028907194984,buMVW22SPSYXH2tCDYjmg,2024-07-14 03:03:45,12.0
306,170.0,53.44617738708384,10.30203498732325,buMVW22SPSYXH2tCDYjmg,2024-07-14 03:03:46,12.0
307,171.0,53.44615130474587,10.30204741917387,buMVW22SPSYXH2tCDYjmg,2024-07-14 03:03:47,11.0
308,171.0,53.446127339368154,10.302055188851778,buMVW22SPSYXH2tCDYjmg,2024-07-14 03:03:48,10.0
309,171.0,53.44610994868349,10.30205103158855,buMVW22SPSYXH2tCDYjmg,2024-07-14 03:03:49,8.0
310,171.0,53.44609925815286,10.3020278740416,buMVW22SPSYXH2tCDYjmg,2024-07-14 03:03:50,6.0
311,171.0,53.446096319896355,10.301998052059108,buMVW22SPSYXH2tCDYjmg,2024-07-14 03:03:51,4.0
312,171.0,53.44610318961014,10.302012061677448,buMVW22SPSYXH2tCDYjmg,2024-07-14 03:03:52,2.0
313,171.0,53.446112822187175,10.302065874286471,buMVW22SPSYXH2tCDYjmg,2024-07-14 03:04:41,1.0
314,171.0,53.4461108073937,10.302038287971971,buMVW22SPSYXH2tCDYjmg,2024-07-14 03:04:42,1.0
315,171.0,53.446120620185624,10.30203579157944,buMVW22SPSYXH2tCDYjmg,2024-07-14 03:04:43,1.0
316,171.0,53.44613776379883,10.30205870510816,buMVW22SPSYXH2tCDYjmg,2024-07-14 03:04:44,1.0
317,171.0,53.446142558376394,10.302045214177904,buMVW22SPSYXH2tCDYjmg,2024-07-14 03:04:45,2.0
318,171.0,53.446151708135375,10.302052241092756,buMVW22SPSYXH2tCDYjmg,2024-07-14 03:04:46,2.0
319,170.0,53.4461709336515,10.302039603833082,buMVW22SPSYXH2tCDYjmg,2024-07-14 03:04:47,3.0
320,170.0,53.44616950394517,10.302020859494815,buMVW22SPSYXH2tCDYjmg,2024-07-14 03:04:48,2.0
321,170.0,53.44617922297063,10.302012572962562,buMVW22SPSYXH2tCDYjmg,2024-07-14 03:04:49,3.0
322,170.0,53.44618504466937,10.30199733856088,buMVW22SPSYXH2tCDYjmg,2024-07-14 03:04:50,4.0
323,170.0,53.446193691065794,10.302022121885027,buMVW22SPSYXH2tCDYjmg,2024-07-14 03:04:51,2.0
324,170.0,53.44620699347649,10.302018279554616,buMVW22SPSYXH2tCDYjmg,2024-07-14 03:04:52,2.0
325,170.0,53.446223408107784,10.302015485959066,buMVW22SPSYXH2tCDYjmg,2024-07-14 03:04:53,2.0
326,170.0,53.446234337224176,10.30201002858024,buMVW22SPSYXH2tCDYjmg,2024-07-14 03:04:54,2.0
327,4.0,53.437536900000005,10.302841916666669,yDPIbp8iRHeK8YJkRn9H3A,2024-07-14 01:01:29,70.0
328,5.0,53.43771408333334,10.302865683333332,yDPIbp8iRHeK8YJkRn9H3A,2024-07-14 01:01:30,71.0
329,5.0,53.43789316666667,10.302890533333334,yDPIbp8iRHeK8YJkRn9H3A,2024-07-14 01:01:31,72.0
330,4.0,53.4380731,10.302917183333332,yDPIbp8iRHeK8YJkRn9H3A,2024-07-14 01:01:32,72.0
331,4.0,53.438253966666664,10.30294445,yDPIbp8iRHeK8YJkRn9H3A,2024-07-14 01:01:33,73.0
332,4.0,53.43843793333333,10.302969983333332,yDPIbp8iRHeK8YJkRn9H3A,2024-07-14 01:01:34,73.0
333,4.0,53.43862205,10.30299545,yDPIbp8iRHeK8YJkRn9H3A,2024-07-14 01:01:35,73.0
334,4.0,53.43880588333334,10.303021350000002,yDPIbp8iRHeK8YJkRn9H3A,2024-07-14 01:01:36,73.0
335,5.0,53.43898968333333,10.303047,yDPIbp8iRHeK8YJkRn9H3A,2024-07-14 01:01:37,73.0
336,5.0,53.439170950000005,10.303073833333334,yDPIbp8iRHeK8YJkRn9H3A,2024-07-14 01:01:38,73.0
337,4.0,53.43934875,10.303099833333333,yDPIbp8iRHeK8YJkRn9H3A,2024-07-14 01:01:39,72.0
338,4.0,53.43952265,10.303125233333333,yDPIbp8iRHeK8YJkRn9H3A,2024-07-14 01:01:40,70.0
339,5.0,53.43969458333333,10.303148066666669,yDPIbp8iRHeK8YJkRn9H3A,2024-07-14 01:01:41,69.0
340,7.0,53.43986148333334,10.303176233333332,yDPIbp8iRHeK8YJkRn9H3A,2024-07-14 01:01:42,67.0
341,9.0,53.44002139999999,10.303208933333334,yDPIbp8iRHeK8YJkRn9H3A,2024-07-14 01:01:43,65.0
342,11.0,53.44017603333334,10.303253016666668,yDPIbp8iRHeK8YJkRn9H3A,2024-07-14 01:01:44,62.0
343,13.0,53.440318766666664,10.303302983333332,yDPIbp8iRHeK8YJkRn9H3A,2024-07-14 01:01:45,58.0
344,14.0,53.44044598333333,10.3033549,yDPIbp8iRHeK8YJkRn9H3A,2024-07-14 01:01:46,53.0
345,16.0,53.44055528333333,10.303409033333333,yDPIbp8iRHeK8YJkRn9H3A,2024-07-14 01:01:47,46.0
346,17.0,53.44064145000001,10.303464866666667,yDPIbp8iRHeK8YJkRn9H3A,2024-07-14 01:01:48,37.0
347,29.0,53.44070388333333,10.30351845,yDPIbp8iRHeK8YJkRn9H3A,2024-07-14 01:01:49,28.0
348,36.0,53.44074723333333,10.303570166666669,yDPIbp8iRHeK8YJkRn9H3A,2024-07-14 01:01:50,21.0
349,36.0,53.440778566666665,10.303633166666668,yDPIbp8iRHeK8YJkRn9H3A,2024-07-14 01:01:51,19.0
350,65.0,53.44079620000001,10.3037104,yDPIbp8iRHeK8YJkRn9H3A,2024-07-14 01:01:52,19.0
351,58.0,53.440817483333326,10.303780349999998,yDPIbp8iRHeK8YJkRn9H3A,2024-07-14 01:01:53,18.0
352,41.0,53.44085308333333,10.303838016666669,yDPIbp8iRHeK8YJkRn9H3A,2024-07-14 01:01:54,19.0
353,22.0,53.44089993333334,10.303871883333333,yDPIbp8iRHeK8YJkRn9H3A,2024-07-14 01:01:55,20.0
354,14.0,53.44095703333334,10.303894233333336,yDPIbp8iRHeK8YJkRn9H3A,2024-07-14 01:01:56,23.0
355,26.0,53.441017366666664,10.30394475,yDPIbp8iRHeK8YJkRn9H3A,2024-07-14 01:01:57,26.0
356,42.0,53.441073466666666,10.304035016666669,yDPIbp8iRHeK8YJkRn9H3A,2024-07-14 01:01:58,30.0
357,50.0,53.4411307,10.3041561,yDPIbp8iRHeK8YJkRn9H3A,2024-07-14 01:01:59,35.0
358,61.0,53.44118696666666,10.3042994,yDPIbp8iRHeK8YJkRn9H3A,2024-07-14 01:02:00,40.0
359,62.0,53.44122547894582,10.304474664194077,yDPIbp8iRHeK8YJkRn9H3A,2024-07-14 01:02:01,43.0
360,63.0,53.441281269505026,10.304651747504286,yDPIbp8iRHeK8YJkRn9H3A,2024-07-14 01:02:02,47.0
361,63.0,53.44133745682824,10.304837856495013,yDPIbp8iRHeK8YJkRn9H3A,2024-07-14 01:02:03,49.0
362,66.0,53.441389101846624,10.30503378035374,yDPIbp8iRHeK8YJkRn9H3A,2024-07-14 01:02:04,51.0
363,66.0,53.44146115,10.305223516666668,yDPIbp8iRHeK8YJkRn9H3A,2024-07-14 01:02:05,53.0
364,69.0,53.441510733333345,10.305440183333332,yDPIbp8iRHeK8YJkRn9H3A,2024-07-14 01:02:06,54.0
365,71.0,53.4415562,10.3056617,yDPIbp8iRHeK8YJkRn9H3A,2024-07-14 01:02:07,55.0
366,72.0,53.44159685,10.305886416666668,yDPIbp8iRHeK8YJkRn9H3A,2024-07-14 01:02:08,56.0
367,74.0,53.441633849999995,10.306120583333335,yDPIbp8iRHeK8YJkRn9H3A,2024-07-14 01:02:09,57.0
368,78.0,53.44164148455896,10.306366548293896,yDPIbp8iRHeK8YJkRn9H3A,2024-07-14 01:02:10,58.0
369,80.0,53.44166811938295,10.306609435075444,yDPIbp8iRHeK8YJkRn9H3A,2024-07-14 01:02:11,59.0
370,82.0,53.44168924780063,10.30685536527197,yDPIbp8iRHeK8YJkRn9H3A,2024-07-14 01:02:12,60.0
371,85.0,53.44170651689832,10.307108806259212,yDPIbp8iRHeK8YJkRn9H3A,2024-07-14 01:02:13,61.0
372,86.0,53.4417178827401,10.307367879250505,yDPIbp8iRHeK8YJkRn9H3A,2024-07-14 01:02:14,62.0
373,86.0,53.441728479292294,10.307630919378711,yDPIbp8iRHeK8YJkRn9H3A,2024-07-14 01:02:15,62.0
374,86.0,53.44173884306783,10.307888180440706,yDPIbp8iRHeK8YJkRn9H3A,2024-07-14 01:02:16,61.0
375,86.0,53.44174899526541,10.308140182357407,yDPIbp8iRHeK8YJkRn9H3A,2024-07-14 01:02:17,60.0
376,84.0,53.44178749999999,10.308385066666668,yDPIbp8iRHeK8YJkRn9H3A,2024-07-14 01:02:18,59.0
377,79.0,53.44181503333333,10.308622816666668,yDPIbp8iRHeK8YJkRn9H3A,2024-07-14 01:02:19,58.0
378,71.0,53.44186183333333,10.308845983333336,yDPIbp8iRHeK8YJkRn9H3A,2024-07-14 01:02:20,56.0
379,62.0,53.44193011666666,10.309052,yDPIbp8iRHeK8YJkRn9H3A,2024-07-14 01:02:21,55.0
380,52.0,53.44201695,10.309237583333337,yDPIbp8iRHeK8YJkRn9H3A,2024-07-14 01:02:22,55.0
381,45.0,53.44211758333333,10.30940185,yDPIbp8iRHeK8YJkRn9H3A,2024-07-14 01:02:23,56.0
382,40.0,53.442225400000005,10.309549933333331,yDPIbp8iRHeK8YJkRn9H3A,2024-07-14 01:02:24,55.0
383,35.0,53.44233899999999,10.309682183333331,yDPIbp8iRHeK8YJkRn9H3A,2024-07-14 01:02:25,55.0
384,31.0,53.442454600000005,10.3097975,yDPIbp8iRHeK8YJkRn9H3A,2024-07-14 01:02:26,53.0
385,26.0,53.44257448333333,10.309893366666666,yDPIbp8iRHeK8YJkRn9H3A,2024-07-14 01:02:27,52.0
386,22.0,53.4426963,10.309972633333333,yDPIbp8iRHeK8YJkRn9H3A,2024-07-14 01:02:28,52.0
387,14.0,53.44282280000001,10.3100365,yDPIbp8iRHeK8YJkRn9H3A,2024-07-14 01:02:29,52.0
388,9.0,53.44295066666666,10.3100804,yDPIbp8iRHeK8YJkRn9H3A,2024-07-14 01:02:30,52.0
389,6.0,53.443079950000005,10.310108666666668,yDPIbp8iRHeK8YJkRn9H3A,2024-07-14 01:02:31,52.0
390,4.0,53.44320793333333,10.310118016666667,yDPIbp8iRHeK8YJkRn9H3A,2024-07-14 01:02:32,51.0
391,357.0,53.44333496666666,10.3101057,yDPIbp8iRHeK8YJkRn9H3A,2024-07-14 01:02:33,50.0
392,0.0,53.44346083333333,10.31008985,yDPIbp8iRHeK8YJkRn9H3A,2024-07-14 01:02:34,50.0
393,6.0,53.44358565000001,10.31009635,yDPIbp8iRHeK8YJkRn9H3A,2024-07-14 01:02:35,49.0
394,7.0,53.44370963333334,10.310120683333334,yDPIbp8iRHeK8YJkRn9H3A,2024-07-14 01:02:36,50.0
395,8.0,53.44383603333334,10.310156433333333,yDPIbp8iRHeK8YJkRn9H3A,2024-07-14 01:02:37,51.0
396,10.0,53.443962183333326,10.310192366666666,yDPIbp8iRHeK8YJkRn9H3A,2024-07-14 01:02:38,51.0
397,11.0,53.444089266666666,10.310234266666669,yDPIbp8iRHeK8YJkRn9H3A,2024-07-14 01:02:39,51.0
398,11.0,53.44421518333334,10.310280666666667,yDPIbp8iRHeK8YJkRn9H3A,2024-07-14 01:02:40,51.0
399,9.0,53.44434038333333,10.310314766666666,yDPIbp8iRHeK8YJkRn9H3A,2024-07-14 01:02:41,51.0
400,9.0,53.44446418333334,10.31035175,yDPIbp8iRHeK8YJkRn9H3A,2024-07-14 01:02:42,50.0
401,9.0,53.444589183333335,10.310388283333332,yDPIbp8iRHeK8YJkRn9H3A,2024-07-14 01:02:43,50.0
402,9.0,53.44472246666666,10.310427783333331,yDPIbp8iRHeK8YJkRn9H3A,2024-07-14 01:02:44,52.0
403,9.0,53.44484385000001,10.310463733333334,yDPIbp8iRHeK8YJkRn9H3A,2024-07-14 01:02:45,49.0
404,10.0,53.44497159999999,10.31050135,yDPIbp8iRHeK8YJkRn9H3A,2024-07-14 01:02:46,49.0
405,8.0,53.445097450000006,10.310535816666668,yDPIbp8iRHeK8YJkRn9H3A,2024-07-14 01:02:47,50.0
406,8.0,53.44522614999999,10.310576216666668,yDPIbp8iRHeK8YJkRn9H3A,2024-07-14 01:02:48,50.0
407,9.0,53.44535213333334,10.310608966666663,yDPIbp8iRHeK8YJkRn9H3A,2024-07-14 01:02:49,49.0
408,9.0,53.44548126666667,10.310640183333334,yDPIbp8iRHeK8YJkRn9H3A,2024-07-14 01:02:50,49.0
409,9.0,53.445606600000005,10.310674583333334,yDPIbp8iRHeK8YJkRn9H3A,2024-07-14 01:02:51,49.0
410,9.0,53.44572848333333,10.310704933333334,yDPIbp8iRHeK8YJkRn9H3A,2024-07-14 01:02:52,48.0
411,9.0,53.44585636666667,10.31073805,yDPIbp8iRHeK8YJkRn9H3A,2024-07-14 01:02:53,49.0
412,8.0,53.445986033333334,10.310773366666666,yDPIbp8iRHeK8YJkRn9H3A,2024-07-14 01:02:54,50.0
413,8.0,53.44611870000001,10.3108113,yDPIbp8iRHeK8YJkRn9H3A,2024-07-14 01:02:55,51.0
414,263.0,53.436281397007406,10.312588149681687,0UFrpUznRJq9vtZrifo6Q,2024-07-14 04:19:46,62.0
415,263.0,53.436265010386705,10.312328981235623,0UFrpUznRJq9vtZrifo6Q,2024-07-14 04:19:47,62.0
416,262.0,53.43624606728554,10.31206788495183,0UFrpUznRJq9vtZrifo6Q,2024-07-14 04:19:48,62.0
417,261.0,53.43622083775699,10.311797987669706,0UFrpUznRJq9vtZrifo6Q,2024-07-14 04:19:49,62.0
418,261.0,53.436194183304906,10.311536472290754,0UFrpUznRJq9vtZrifo6Q,2024-07-14 04:19:50,62.0
419,261.0,53.43616786412895,10.311273448169231,0UFrpUznRJq9vtZrifo6Q,2024-07-14 04:19:51,62.0
420,260.0,53.436140245758,10.311012016609313,0UFrpUznRJq9vtZrifo6Q,2024-07-14 04:19:52,62.0
421,260.0,53.43611166346818,10.310747735202312,0UFrpUznRJq9vtZrifo6Q,2024-07-14 04:19:53,62.0
422,259.0,53.436079854145646,10.31048621982336,0UFrpUznRJq9vtZrifo6Q,2024-07-14 04:19:54,62.0
423,259.0,53.43605076894164,10.31022478826344,0UFrpUznRJq9vtZrifo6Q,2024-07-14 04:19:55,63.0
424,258.0,53.436016947962344,10.309957908466458,0UFrpUznRJq9vtZrifo6Q,2024-07-14 04:19:56,63.0
425,257.0,53.43598078005016,10.309694884344935,0UFrpUznRJq9vtZrifo6Q,2024-07-14 04:19:57,63.0
426,255.0,53.435941049829125,10.309436805546284,0UFrpUznRJq9vtZrifo6Q,2024-07-14 04:19:58,64.0
427,255.0,53.43589943367988,10.309181325137615,0UFrpUznRJq9vtZrifo6Q,2024-07-14 04:19:59,64.0
428,255.0,53.43585735652596,10.308925928547978,0UFrpUznRJq9vtZrifo6Q,2024-07-14 04:20:00,64.0
429,254.0,53.435813980177045,10.308671873062847,0UFrpUznRJq9vtZrifo6Q,2024-07-14 04:20:01,64.0
430,254.0,53.43577077146619,10.308421840891242,0UFrpUznRJq9vtZrifo6Q,2024-07-14 04:20:02,64.0
431,253.0,53.43572697602213,10.308171305805445,0UFrpUznRJq9vtZrifo6Q,2024-07-14 04:20:03,64.0
432,252.0,53.4356790734455,10.307916328310966,0UFrpUznRJq9vtZrifo6Q,2024-07-14 04:20:04,64.0
433,251.0,53.43562890775502,10.307659087702632,0UFrpUznRJq9vtZrifo6Q,2024-07-14 04:20:05,64.0
434,251.0,53.43557555694133,10.3074068762362,0UFrpUznRJq9vtZrifo6Q,2024-07-14 04:20:06,64.0
435,264.0,53.4362563,10.3126079,WYU5zf1yR0CO4nQiBSUyfA,2024-07-14 04:43:50,40.0
436,263.0,53.436242400000005,10.312433,WYU5zf1yR0CO4nQiBSUyfA,2024-07-14 04:43:51,43.0
437,263.0,53.4362284,10.3122496,WYU5zf1yR0CO4nQiBSUyfA,2024-07-14 04:43:52,45.0
438,30.0,53.43566243333333,10.301372316666669,yDPIbp8iRHeK8YJkRn9H3A,2024-07-14 01:01:17,74.0
439,32.0,53.435816833333334,10.301536233333334,yDPIbp8iRHeK8YJkRn9H3A,2024-07-14 01:01:18,73.0
440,38.0,53.435963400000006,10.301716666666668,yDPIbp8iRHeK8YJkRn9H3A,2024-07-14 01:01:19,72.0
441,38.0,53.43610399999999,10.301907666666668,yDPIbp8iRHeK8YJkRn9H3A,2024-07-14 01:01:20,72.0
442,36.0,53.43624426666667,10.302089116666668,yDPIbp8iRHeK8YJkRn9H3A,2024-07-14 01:01:21,71.0
443,31.0,53.43638736666667,10.302253683333332,yDPIbp8iRHeK8YJkRn9H3A,2024-07-14 01:01:22,69.0
444,28.0,53.43653798333333,10.302400166666668,yDPIbp8iRHeK8YJkRn9H3A,2024-07-14 01:01:23,69.0
445,23.0,53.436695316666665,10.302527883333331,yDPIbp8iRHeK8YJkRn9H3A,2024-07-14 01:01:24,69.0
446,18.0,53.43685663333334,10.302633783333333,yDPIbp8iRHeK8YJkRn9H3A,2024-07-14 01:01:25,69.0
447,14.0,53.43702205,10.3027149,yDPIbp8iRHeK8YJkRn9H3A,2024-07-14 01:01:26,69.0
448,10.0,53.43719134999999,10.302774333333334,yDPIbp8iRHeK8YJkRn9H3A,2024-07-14 01:01:27,69.0
449,6.0,53.43736278333334,10.302813633333333,yDPIbp8iRHeK8YJkRn9H3A,2024-07-14 01:01:28,69.0
450,185.0,53.43735541217029,10.302798338234425,5MfmW0AhRZU2BPvpY0CtA,2024-07-14 05:55:29,60.0
451,189.0,53.43720671720803,10.302761793136597,5MfmW0AhRZU2BPvpY0CtA,2024-07-14 05:55:30,59.0
452,192.0,53.43705689068884,10.302707562223077,5MfmW0AhRZU2BPvpY0CtA,2024-07-14 05:55:31,59.0
453,197.0,53.436911925673485,10.302631538361313,5MfmW0AhRZU2BPvpY0CtA,2024-07-14 05:55:32,60.0
454,201.0,53.43676402699202,10.30254646204412,5MfmW0AhRZU2BPvpY0CtA,2024-07-14 05:55:33,59.0
455,204.0,53.43662777915597,10.302450824528933,5MfmW0AhRZU2BPvpY0CtA,2024-07-14 05:55:34,59.0
456,208.0,53.43649630900472,10.302341608330607,5MfmW0AhRZU2BPvpY0CtA,2024-07-14 05:55:35,59.0
457,211.0,53.436368107795715,10.302213113754988,5MfmW0AhRZU2BPvpY0CtA,2024-07-14 05:55:36,60.0
458,216.0,53.43624870758504,10.302067436277866,5MfmW0AhRZU2BPvpY0CtA,2024-07-14 05:55:37,59.0
459,219.0,53.43613513279706,10.301905330270529,5MfmW0AhRZU2BPvpY0CtA,2024-07-14 05:55:38,59.0
460,219.0,53.436019755899906,10.301739368587732,5MfmW0AhRZU2BPvpY0CtA,2024-07-14 05:55:39,59.0
461,216.0,53.43590316362679,10.301590086892247,5MfmW0AhRZU2BPvpY0CtA,2024-07-14 05:55:40,57.0
462,212.0,53.43578669708222,10.301456898450851,5MfmW0AhRZU2BPvpY0CtA,2024-07-14 05:55:41,55.0
463,210.0,53.435667590238154,10.301335444673896,5MfmW0AhRZU2BPvpY0CtA,2024-07-14 05:55:42,55.0
464,210.0,53.43555640429258,10.30121843330562,5MfmW0AhRZU2BPvpY0CtA,2024-07-14 05:55:43,53.0
465,71.0,53.43558641150594,10.307572837918997,5MfmW0AhRZU2BPvpY0CtA,2024-07-14 05:56:28,58.0
466,71.0,53.43563435599208,10.307805268093944,5MfmW0AhRZU2BPvpY0CtA,2024-07-14 05:56:29,59.0
467,72.0,53.4356798697263,10.308042392134666,5MfmW0AhRZU2BPvpY0CtA,2024-07-14 05:56:30,60.0
468,73.0,53.435722114518285,10.30828395858407,5MfmW0AhRZU2BPvpY0CtA,2024-07-14 05:56:31,61.0
469,73.0,53.43576377257705,10.308530889451504,5MfmW0AhRZU2BPvpY0CtA,2024-07-14 05:56:32,61.0
470,74.0,53.435809328220785,10.308779580518603,5MfmW0AhRZU2BPvpY0CtA,2024-07-14 05:56:33,61.0
471,74.0,53.435853123664856,10.309028271585705,5MfmW0AhRZU2BPvpY0CtA,2024-07-14 05:56:34,61.0
472,75.0,53.43589159660041,10.309286518022418,5MfmW0AhRZU2BPvpY0CtA,2024-07-14 05:56:35,62.0
473,75.0,53.43592617195099,10.309542417526243,5MfmW0AhRZU2BPvpY0CtA,2024-07-14 05:56:36,62.0
474,76.0,53.43596498016268,10.30979823321104,5MfmW0AhRZU2BPvpY0CtA,2024-07-14 05:56:37,62.0
475,77.0,53.436002070084214,10.310054467990994,5MfmW0AhRZU2BPvpY0CtA,2024-07-14 05:56:38,62.0
476,78.0,53.4360303170979,10.310308020561934,5MfmW0AhRZU2BPvpY0CtA,2024-07-14 05:56:39,61.0
477,78.0,53.43606107868254,10.310564171522856,5MfmW0AhRZU2BPvpY0CtA,2024-07-14 05:56:40,61.0
478,79.0,53.43608949333429,10.310821831226349,5MfmW0AhRZU2BPvpY0CtA,2024-07-14 05:56:41,61.0
479,80.0,53.43611803371459,10.311078233644366,5MfmW0AhRZU2BPvpY0CtA,2024-07-14 05:56:42,61.0
480,80.0,53.43614418525249,10.311334216967223,5MfmW0AhRZU2BPvpY0CtA,2024-07-14 05:56:43,61.0
481,81.0,53.43616551719606,10.31159095466137,5MfmW0AhRZU2BPvpY0CtA,2024-07-14 05:56:44,61.0
482,81.0,53.43618454411626,10.311847776174544,5MfmW0AhRZU2BPvpY0CtA,2024-07-14 05:56:45,61.0
483,82.0,53.43620415776968,10.312103759497404,5MfmW0AhRZU2BPvpY0CtA,2024-07-14 05:56:46,60.0
484,83.0,53.43622167594731,10.31236058101058,5MfmW0AhRZU2BPvpY0CtA,2024-07-14 05:56:47,60.0
485,83.0,53.43623621854931,10.312617318704724,5MfmW0AhRZU2BPvpY0CtA,2024-07-14 05:56:48,61.0
486,263.0,53.43624004302834,10.31238705852044,qmPYg4aZQJyWI0y6LWZ6NQ,2024-07-14 03:28:59,65.0
487,262.0,53.43621628599382,10.312108608353968,qmPYg4aZQJyWI0y6LWZ6NQ,2024-07-14 03:29:00,66.0
488,262.0,53.4361922200984,10.311828480502871,qmPYg4aZQJyWI0y6LWZ6NQ,2024-07-14 03:29:01,66.0
489,261.0,53.43616643945042,10.311554768819397,qmPYg4aZQJyWI0y6LWZ6NQ,2024-07-14 03:29:02,66.0
490,260.0,53.43614142429705,10.31128139035493,qmPYg4aZQJyWI0y6LWZ6NQ,2024-07-14 03:29:03,66.0
491,260.0,53.436126375573025,10.311007511491876,qmPYg4aZQJyWI0y6LWZ6NQ,2024-07-14 03:29:04,65.0
492,259.0,53.43609679851238,10.31073717700808,qmPYg4aZQJyWI0y6LWZ6NQ,2024-07-14 03:29:05,65.0
493,258.0,53.43606524707227,10.31046838863318,qmPYg4aZQJyWI0y6LWZ6NQ,2024-07-14 03:29:06,65.0
494,258.0,53.43603353229405,10.310205658179754,qmPYg4aZQJyWI0y6LWZ6NQ,2024-07-14 03:29:07,64.0
495,257.0,53.43598515846385,10.309953290678,qmPYg4aZQJyWI0y6LWZ6NQ,2024-07-14 03:29:08,64.0
496,256.0,53.43595086173231,10.30969485066372,qmPYg4aZQJyWI0y6LWZ6NQ,2024-07-14 03:29:09,63.0
497,256.0,53.43591377376994,10.309441295064389,qmPYg4aZQJyWI0y6LWZ6NQ,2024-07-14 03:29:10,63.0
498,255.0,53.435891892732286,10.309180089215031,qmPYg4aZQJyWI0y6LWZ6NQ,2024-07-14 03:29:11,63.0
499,254.0,53.435838387264134,10.30892983598091,qmPYg4aZQJyWI0y6LWZ6NQ,2024-07-14 03:29:12,63.0
500,254.0,53.43579566533507,10.308674065868871,qmPYg4aZQJyWI0y6LWZ6NQ,2024-07-14 03:29:13,63.0
501,253.0,53.435752511511005,10.308413578103076,qmPYg4aZQJyWI0y6LWZ6NQ,2024-07-14 03:29:14,65.0
502,252.0,53.435706255309626,10.308157246821526,qmPYg4aZQJyWI0y6LWZ6NQ,2024-07-14 03:29:15,65.0
503,252.0,53.435686261687216,10.307922704911151,qmPYg4aZQJyWI0y6LWZ6NQ,2024-07-14 03:29:16,63.0
504,252.0,53.43564172884496,10.307674650521356,qmPYg4aZQJyWI0y6LWZ6NQ,2024-07-14 03:29:17,62.0
505,252.0,53.43559599064117,10.307435122013326,qmPYg4aZQJyWI0y6LWZ6NQ,2024-07-14 03:29:18,61.0
506,251.0,53.43554925442489,10.307197584088172,qmPYg4aZQJyWI0y6LWZ6NQ,2024-07-14 03:29:19,60.0
507,189.0,53.437172,10.302741,5yoUjWkTm0xXg9yDr8yg,2024-07-14 05:04:34,42.0
508,218.0,53.436195,10.302002,5yoUjWkTm0xXg9yDr8yg,2024-07-14 05:04:44,43.0
509,259.0,53.436095,10.310552,WqhGzMcTYCap931TssNg,2024-07-14 03:47:46,64.0
510,253.0,53.435719,10.30803,WqhGzMcTYCap931TssNg,2024-07-14 03:47:56,61.0
511,200.0,53.436718,10.302486,WqhGzMcTYCap931TssNg,2024-07-14 04:04:20,40.0
512,218.0,53.435946,10.301659,WqhGzMcTYCap931TssNg,2024-07-14 04:04:29,42.0
513,185.0,53.43739803372646,10.302777187223358,oNJYVn4GTEuGLdqICyRgZQ,2024-07-14 05:24:18,65.0
514,185.0,53.43723573716724,10.302754196857432,oNJYVn4GTEuGLdqICyRgZQ,2024-07-14 05:24:19,65.0
515,188.0,53.43708403725499,10.302703801566944,oNJYVn4GTEuGLdqICyRgZQ,2024-07-14 05:24:20,63.0
516,192.0,53.43692469568588,10.30263711745342,oNJYVn4GTEuGLdqICyRgZQ,2024-07-14 05:24:21,63.0
517,199.0,53.43677271675612,10.302553908698972,oNJYVn4GTEuGLdqICyRgZQ,2024-07-14 05:24:22,64.0
518,203.0,53.43662746690264,10.302447106144758,oNJYVn4GTEuGLdqICyRgZQ,2024-07-14 05:24:23,64.0
519,208.0,53.4365122203348,10.302294007545289,oNJYVn4GTEuGLdqICyRgZQ,2024-07-14 05:24:24,61.0
520,213.0,53.436355045326934,10.302149885223727,oNJYVn4GTEuGLdqICyRgZQ,2024-07-14 05:24:25,65.0
521,216.0,53.43620927253621,10.301997974110474,oNJYVn4GTEuGLdqICyRgZQ,2024-07-14 05:24:26,67.0
522,219.0,53.436078734668875,10.30182149950326,oNJYVn4GTEuGLdqICyRgZQ,2024-07-14 05:24:27,67.0
523,218.0,53.43593738429174,10.30163778414103,oNJYVn4GTEuGLdqICyRgZQ,2024-07-14 05:24:28,70.0
524,212.0,53.43580587937569,10.301469469716228,oNJYVn4GTEuGLdqICyRgZQ,2024-07-14 05:24:29,68.0
525,210.0,53.435668020890944,10.301320422178197,oNJYVn4GTEuGLdqICyRgZQ,2024-07-14 05:24:30,67.0
